seq,seq34,chromatin_accessibility,indel_freq,indel_freq_synthetic
GATTTTGATATAAGAGTAACAAAAGGAAGCC,GGATTTTGATATAAGAGTAACAAAAGGAAGCCTC,0,0.00221353553,0.4715818263
AATTTTCCTGCCATCTCAACTCAAAAATCAT,TAATTTTCCTGCCATCTCAACTCAAAAATCATAC,0,0.00079077123,0.00120979148
ATTTTTGAGTTGAGATGGCAGGAAAATTAAG,GATTTTTGAGTTGAGATGGCAGGAAAATTAAGTG,0,0.011377559950000001,0.51517269
CTTTTTGCTTTTGCACAAACTCTGTGCCAGC,TCTTTTTGCTTTTGCACAAACTCTGTGCCAGCTA,0,0.00027739251,0.0
GCTTTTGCACAAACTCTGTGCCAGCTATGAG,TGCTTTTGCACAAACTCTGTGCCAGCTATGAGAG,0,0.0,0.0992592167799999
TCCTTTACTTTGTCTTAAGAGCAAATTATTT,TTCCTTTACTTTGTCTTAAGAGCAAATTATTTTT,0,0.00086391312,0.1216394988
TAGTTTCCTTTACTTTGTCTTAAGAGCAAAT,ATAGTTTCCTTTACTTTGTCTTAAGAGCAAATTA,0,7.618274000000001e-05,0.1244738732
CTATTTGATGGAAAGAACGAGGTCTCTTCTT,ACTATTTGATGGAAAGAACGAGGTCTCTTCTTGC,0,0.01743909528,0.5612929127
TAATTTGCACAATGCACCCAATGGTTAATGA,GTAATTTGCACAATGCACCCAATGGTTAATGAAT,0,0.00134321676,0.3147850157
TTCTTTGGTCATCTATTTATTAATGCTATCC,TTTCTTTGGTCATCTATTTATTAATGCTATCCTC,0,0.00012744373,0.0
ATTTTTACCCTTCAGGAAGTAACTATTAGGT,GATTTTTACCCTTCAGGAAGTAACTATTAGGTAG,0,0.00820512821,0.5140018695999999
GAATTTACAATACCTACCTAATAGTTACTTC,AGAATTTACAATACCTACCTAATAGTTACTTCCT,0,0.05130482595,0.8132596200000001
TCTTTTAAAGTTAGAATTTACAATACCTACC,ATCTTTTAAAGTTAGAATTTACAATACCTACCTA,0,0.0046127089,0.2825072072
TCTTTTCCTCTATCTTTTAAAGTTAGAATTT,ATCTTTTCCTCTATCTTTTAAAGTTAGAATTTAC,0,0.00054513737,0.00201673893
GAATTTCAGCTCTCAGTCTATCTACCAACCA,TGAATTTCAGCTCTCAGTCTATCTACCAACCAGT,0,0.00052351635,0.04136947218
TCTTTTGCACCTGGATATCCCTCAGCTACCT,ATCTTTTGCACCTGGATATCCCTCAGCTACCTCC,0,0.00341256766,0.2221109182
CAGTTTGGAGGAAGAAGATGAATTAAATGGA,CCAGTTTGGAGGAAGAAGATGAATTAAATGGAGG,0,0.21305984120000002,0.6497064579
TAGTTTCCAGGGACGGTGACCCGCACATAGT,GTAGTTTCCAGGGACGGTGACCCGCACATAGTAC,0,0.00569997409,0.5553073309
TACTTTGAGTGAGGGTGGGACCCTAGTTCAA,ATACTTTGAGTGAGGGTGGGACCCTAGTTCAAGC,0,0.0033228479,0.2425840475
CAGTTTCCTATTTATTAAATGGATATAATAA,TCAGTTTCCTATTTATTAAATGGATATAATAACA,0,0.00013018007999999998,0.00490328768
CCATTTAATAAATAGGAAACTGAGGGCCTAA,TCCATTTAATAAATAGGAAACTGAGGGCCTAAGA,0,0.0007463972000000001,0.157570652
TCTTTTGGGGACCACCATTCAATCTACTATC,GTCTTTTGGGGACCACCATTCAATCTACTATCAG,0,0.27310227000000004,0.6898435627
TTCTTTGCAGATGTAATCAGGGTAATAATCT,GTTCTTTGCAGATGTAATCAGGGTAATAATCTCA,0,0.00075241971,0.193159378
CAATTTAATCCAGGATAATCTCATGTTGAGA,CCAATTTAATCCAGGATAATCTCATGTTGAGATT,0,0.0033975084900000002,0.160375523
GGATTTAAGGCCCAATTTAATCCAGGATAAT,TGGATTTAAGGCCCAATTTAATCCAGGATAATCT,0,0.00132439368,0.2070868189999999
CTCTTTGCCTTTTTCTTTCTGGCTCTTATAA,TCTCTTTGCCTTTTTCTTTCTGGCTCTTATAAGG,0,0.00041170746000000004,0.0
CCCTTTCCAGCTCTGCAGACTCCAGGTTCTC,TCCCTTTCCAGCTCTGCAGACTCCAGGTTCTCTG,0,0.00050982573,0.05767350929
TCCTTTCCCTTTCCAGCTCTGCAGACTCCAG,TTCCTTTCCCTTTCCAGCTCTGCAGACTCCAGGT,0,0.00018781106,0.0125875898
GTCTTTGGAGGGGGTGCAGCCCTGCCCACAC,TGTCTTTGGAGGGGGTGCAGCCCTGCCCACACCT,0,0.00452276065,0.2057651635
TCGTTTCCCATGGCTGCCATAACAAATTACC,TTCGTTTCCCATGGCTGCCATAACAAATTACCAC,0,0.07688196467,0.4224677720999999
TTGTTTACCGCTTGCTGCAGCCATTAATAAG,TTTGTTTACCGCTTGCTGCAGCCATTAATAAGCA,0,0.00932926673,0.34244388
CTGTTTGAACTCGGGCAAGTGGCTCCGGGGG,ACTGTTTGAACTCGGGCAAGTGGCTCCGGGGGCG,0,0.00261920752,0.01746441315
CAGTTTCCCCCTTACCCTCTTTGTGACCTTG,ACAGTTTCCCCCTTACCCTCTTTGTGACCTTGGG,0,0.04116257427,0.486609735
CTGTTTCCTCATCTATCAAGTGGGAATAAGG,TCTGTTTCCTCATCTATCAAGTGGGAATAAGGCG,0,0.00714578424,0.3638980282
GCGTTTGCCCCATGGAACTGTTGTCAGGATC,GGCGTTTGCCCCATGGAACTGTTGTCAGGATCAC,0,0.0107249467,0.6039539796
GCATTTCCTATGAGACAGCCTTGGGGCTTTT,GGCATTTCCTATGAGACAGCCTTGGGGCTTTTTT,1,0.00832146168,0.1943396141999999
TATTTTCACTGCGCTCATCATTAACATTAAC,GTATTTTCACTGCGCTCATCATTAACATTAACTC,1,0.2514558805,0.6204701573
TGCTTTGCCTCGCCTCTCGCTGTGTATCTGT,ATGCTTTGCCTCGCCTCTCGCTGTGTATCTGTAT,1,0.3218671221,0.6740010637
GGCTTTTACCCTCCACGCACTCACACGCCAC,TGGCTTTTACCCTCCACGCACTCACACGCCACCC,1,0.2046700967,0.5902911225999999
GATTTTAGTTGCTCTCCAACGTACCTTTGCT,AGATTTTAGTTGCTCTCCAACGTACCTTTGCTTC,1,0.5103463788,0.8012951971
TGATTTCCATCTTTGGAGCATCAGATGTATT,CTGATTTCCATCTTTGGAGCATCAGATGTATTCC,1,0.00082521017,0.09711946566
ATCTTTGGAGCATCAGATGTATTCCCTAAGG,CATCTTTGGAGCATCAGATGTATTCCCTAAGGAG,1,0.00148845121,0.06644963362
ATTTTTGACCATAGCATTCAACCAATTATCA,AATTTTTGACCATAGCATTCAACCAATTATCAGA,1,0.19027979949999999,0.8820224204999999
GCTTTTCCCTAAAACTGAATATGGCTTTACA,TGCTTTTCCCTAAAACTGAATATGGCTTTACAAT,0,0.25689679320000003,0.7833295162999999
TTTTTTAACTATTTATTTTAAGCCATAAGTG,GTTTTTTAACTATTTATTTTAAGCCATAAGTGAT,0,0.0010133368199999999,0.00787208308
TATTTTAAGCCATAAGTGATTCAGTATGGGA,TTATTTTAAGCCATAAGTGATTCAGTATGGGAAA,0,0.0006671114100000001,0.1238519664
ATATTTAAAGTCTTACAAGGCAGAGTAAAGA,AATATTTAAAGTCTTACAAGGCAGAGTAAAGATC,0,0.056765719490000005,0.4040239941
GACTTTAAATATTCTGCTCCATGATGTAATG,AGACTTTAAATATTCTGCTCCATGATGTAATGCA,0,0.00723296888,0.2016732016
ATATTTGGTAATTGGCCCCCCTCCTCCACCC,AATATTTGGTAATTGGCCCCCCTCCTCCACCCTA,0,0.01590218955,0.1993755854
AGCTTTCCTTGCAGCTTACTTGGAAATGGAT,TAGCTTTCCTTGCAGCTTACTTGGAAATGGATGA,0,0.01580762598,0.5078017836000001
CCATTTCCAAGTAAGCTGCAAGGAAAGCTAT,TCCATTTCCAAGTAAGCTGCAAGGAAAGCTATAC,0,0.09285748005000001,0.6256105097
TCTTTTCCCTTTTAAGATCAACCACCTCAGA,CTCTTTTCCCTTTTAAGATCAACCACCTCAGAAG,0,0.00187417472,0.05685804324
TGTTTTACCCTGCGTTCTATGCTACTAAACC,TTGTTTTACCCTGCGTTCTATGCTACTAAACCTT,0,0.22706988330000002,0.8056121544
AGGTTTAGTAGCATAGAACGCAGGGTAAAAC,AAGGTTTAGTAGCATAGAACGCAGGGTAAAACAA,0,0.07701093509,0.6545554444
TCTTTTAGCCTTGTTTGTGGTTCGAGAACAG,ATCTTTTAGCCTTGTTTGTGGTTCGAGAACAGAA,0,0.00480769231,0.4160082094
ATTTTTAAAAGTATTGAGCTTTATAATGTAA,TATTTTTAAAAGTATTGAGCTTTATAATGTAATT,0,0.00066939205,0.2025875178
ACTTTTAAAAATACACAACCCCAATCCTGTA,TACTTTTAAAAATACACAACCCCAATCCTGTATA,0,0.00864180495,0.4734933843
CATTTTAAATTACATGTTTATTAAGTGGCAT,GCATTTTAAATTACATGTTTATTAAGTGGCATTG,0,0.00030126256,0.01455883094
TAATTTAAAATGCTGGCAACATCATAAAAAA,GTAATTTAAAATGCTGGCAACATCATAAAAAAAC,0,0.03569030352,0.6590525183
TTATTTGAGCAATGCCACTTAATAAACATGT,GTTATTTGAGCAATGCCACTTAATAAACATGTAA,0,0.0012590934500000001,0.02722296443
ATATTTCCACGCATACTCTGTAGTTATTTGA,AATATTTCCACGCATACTCTGTAGTTATTTGAGC,0,0.008841407260000001,0.3752366271
TAGTTTGGAGATTCAAAGAGAAAAATCAAGC,ATAGTTTGGAGATTCAAAGAGAAAAATCAAGCTT,0,0.00227448483,0.4250298989
CTCTTTGAATCTCCAAACTATTCAGACAGCA,TCTCTTTGAATCTCCAAACTATTCAGACAGCAAA,0,0.00043113772,0.1406154694
TAATTTAATACCTCTGAAGCTTGATTTTTCT,ATAATTTAATACCTCTGAAGCTTGATTTTTCTCT,0,0.00415326902,0.21015032
CATTTTAAGTGAAGTCCTGGGGTGCACACAG,ACATTTTAAGTGAAGTCCTGGGGTGCACACAGCA,1,0.39660714290000004,0.5789186711
TTATTTCAAAAACAGTCAGCATCTTAAAGCA,TTTATTTCAAAAACAGTCAGCATCTTAAAGCAGA,1,0.01266284048,0.2339262883
TGCTTTAAGATGCTGACTGTTTTTGAAATAA,CTGCTTTAAGATGCTGACTGTTTTTGAAATAAAA,1,0.00124168074,0.0066414042399999
GTTTTTGAAATAAAACTTTAAAACATGCCAT,TGTTTTTGAAATAAAACTTTAAAACATGCCATAA,1,0.00219255506,0.0
AACTTTAAAACATGCCATAAAAAGCAACTAT,AAACTTTAAAACATGCCATAAAAAGCAACTATTC,1,0.00023976343,0.0
CTCTTTCCCCAGAGGAATAGTTGCTTTTTAT,ACTCTTTCCCCAGAGGAATAGTTGCTTTTTATGG,1,0.1649688272,0.5113499168
CACTTTAGGCCACTCTTTCCCCAGAGGAATA,ACACTTTAGGCCACTCTTTCCCCAGAGGAATAGT,1,0.0842097593,0.4584756856
GTCTTTCCCATAGTTACAATCAAAGACACTT,AGTCTTTCCCATAGTTACAATCAAAGACACTTTA,1,0.138829073,0.0898945186099999
CGCTTTCCTGAGTCTTGTGGTTGTAATCTTA,ACGCTTTCCTGAGTCTTGTGGTTGTAATCTTACA,1,0.1109041791,0.4978922958
CATTTTGGAATGTCCTCGTTGGAAAATGAAA,ACATTTTGGAATGTCCTCGTTGGAAAATGAAAGT,1,0.22706983919999998,0.7371370808000001
ACTTTTAACATTTTGGAATGTCCTCGTTGGA,GACTTTTAACATTTTGGAATGTCCTCGTTGGAAA,1,0.00044228218,0.0
GTTTTTGGAGCCATGACTTTTAACATTTTGG,TGTTTTTGGAGCCATGACTTTTAACATTTTGGAA,1,0.00129233752,0.0076202439499999
AGCTTTCACTCATTTGACTGTTTTTGGAGCC,CAGCTTTCACTCATTTGACTGTTTTTGGAGCCAT,1,0.00150352141,0.0026360532599999
TGGTTTAGCTAGTGCATACATGCACACGTGT,CTGGTTTAGCTAGTGCATACATGCACACGTGTGC,1,0.07552908645999999,0.2301799095999999
AAGTTTCATCAGGAACGACCCCACAAAACCA,CAAGTTTCATCAGGAACGACCCCACAAAACCACA,1,0.271165272,0.4795306487
TGTTTTGGTTTGTGGTTTTGTGGGGTCGTTC,TTGTTTTGGTTTGTGGTTTTGTGGGGTCGTTCCT,1,0.01402822412,0.06737961382
GTATTTAGCTGTCACTGAAAGAGATTTATTC,AGTATTTAGCTGTCACTGAAAGAGATTTATTCCA,1,0.032105204129999995,0.1444879109
ATGTTTCAGTGGTTATATAGTCCACGAAGAT,GATGTTTCAGTGGTTATATAGTCCACGAAGATGA,1,0.1652973543,0.5796056086
TGGTTTGCAGCGCTGGGCAGGCAGTGTTTTT,CTGGTTTGCAGCGCTGGGCAGGCAGTGTTTTTTT,0,0.0054357597,0.1905705787
ACATTTCCGGGCGTTTACGGCCCCACCACGG,CACATTTCCGGGCGTTTACGGCCCCACCACGGTC,0,0.0,0.02964309501
GCCTTTACGTAGCCCCTCTTCTCCAGTGCAA,TGCCTTTACGTAGCCCCTCTTCTCCAGTGCAAAG,0,0.0064419023,0.4868936586
GCATTTGGAACATTGTGGGGAGTTGGCCAGT,TGCATTTGGAACATTGTGGGGAGTTGGCCAGTCT,0,0.11459643650000001,0.4381298375
AGATTTTGAGTTCCTGCTCCCCAGCAGCTTT,CAGATTTTGAGTTCCTGCTCCCCAGCAGCTTTGA,0,0.0,0.01661880095
ATGTTTATCGACCGGCACAAACAGCTGCGGG,CATGTTTATCGACCGGCACAAACAGCTGCGGGCC,0,0.0,0.1802673800999999
CTGTTTACCTCGTCAGAGACCACCCATGGAA,TCTGTTTACCTCGTCAGAGACCACCCATGGAAGA,0,0.03405406742,0.7032494796000001
CGCTTTCATCCTCCAGGCAGTTGGTACACTT,GCGCTTTCATCCTCCAGGCAGTTGGTACACTTGC,0,0.00415683261,0.6225983607
CACTTTAGTGCCTTAGCTACTTTGAAGTAAA,TCACTTTAGTGCCTTAGCTACTTTGAAGTAAAGA,0,0.00276279711,0.7438411546
GCCTTTGAAATGTGCTCCCAGCTGCAGGCCC,GGCCTTTGAAATGTGCTCCCAGCTGCAGGCCCAG,1,0.0034782286400000004,0.08619443784
GCTTTTTCTTATGCTCCATGTATGCGCCCGT,CGCTTTTTCTTATGCTCCATGTATGCGCCCGTGT,1,0.0,0.00656614195
GATTTTCTAGCAGCTTTCTCTGATTGTTCCT,AGATTTTCTAGCAGCTTTCTCTGATTGTTCCTTT,0,9.923500000000001e-05,0.4683452824999999
AGCTTTCAGCCGTCTCTGTGCTGCTCGCCTC,CAGCTTTCAGCCGTCTCTGTGCTGCTCGCCTCAC,0,0.00194981963,0.1877612783
CACTTTCGTCCGCTTCATTGAACGTTATCAG,ACACTTTCGTCCGCTTCATTGAACGTTATCAGTC,0,0.00024723988,0.3346899614
TTTTTTTCTCCTTTCGATTCTTAAGCTTTTC,CTTTTTTTCTCCTTTCGATTCTTAAGCTTTTCTG,0,0.0026365273099999997,0.0013097176199999
AGCTTTTGAGCGTGAAGCTGTCCCTGGATAT,GAGCTTTTGAGCGTGAAGCTGTCCCTGGATATTG,0,0.01300768088,0.0185937017
CCCTTTCCCTGGGAACCGGCTCCTCCCCACG,TCCCTTTCCCTGGGAACCGGCTCCTCCCCACGGA,1,0.1557318349,0.6339777758999999
GTATTTGAACAATCACTCATCTGCTCCTTAC,GGTATTTGAACAATCACTCATCTGCTCCTTACTT,0,0.03836352959,0.2542575129
CACTTTGTCACTGCCAAGAAGAAGATCAATG,GCACTTTGTCACTGCCAAGAAGAAGATCAATGGC,0,0.00245420671,0.3183986376
GGCTTTGGGTGTGGCCCTGCTGGCCTGCTTC,GGGCTTTGGGTGTGGCCCTGCTGGCCTGCTTCTG,0,0.0,0.07473330853
CGCTTTGGTGAACATCTGCCCCGCGTTGTAC,TCGCTTTGGTGAACATCTGCCCCGCGTTGTACAC,0,0.0016907821900000002,0.3995640672
ACCTTTCCTTGGTGGACATCTGCTACTCGTC,CACCTTTCCTTGGTGGACATCTGCTACTCGTCCG,0,0.00300664461,0.389926425
TTCTTTTCCACCTGTGGCTGTACGCGTGTGA,TTTCTTTTCCACCTGTGGCTGTACGCGTGTGAAT,0,0.0,0.02073042988
GAGTTTCTTGTGGCCCTCTGTGTGGTGGCCT,GGAGTTTCTTGTGGCCCTCTGTGTGGTGGCCTAT,0,0.01438218992,0.5757128829
CAATTTATCCACGGCATCCTTGTCTTTTCCA,GCAATTTATCCACGGCATCCTTGTCTTTTCCACT,0,0.00490156581,0.587756633
CATTTTATTTTCTTTCTCAGTGATTTGGATC,TCATTTTATTTTCTTTCTCAGTGATTTGGATCAA,0,0.04697240431,0.0
GACTTTCTCCGGTTGGTGATCACCAGGACGG,CGACTTTCTCCGGTTGGTGATCACCAGGACGGCC,0,0.0,0.1587064256
TGATTTTCGTGGCTCCCTCGGGAATCTCCAC,TTGATTTTCGTGGCTCCCTCGGGAATCTCCACGA,0,0.0010733057000000001,0.0155339501199999
TCCTTTACCAGCTTCTTCCCCACCACCTTGG,CTCCTTTACCAGCTTCTTCCCCACCACCTTGGCC,0,0.005926491820000001,0.4049795612
GGCTTTGTGGGGGAGGCTTCCCCCTGAGGCC,TGGCTTTGTGGGGGAGGCTTCCCCCTGAGGCCCG,0,0.0,0.0012029751
TGTTTTCCACCCTCTGCAATGACCTTGTCAA,TTGTTTTCCACCCTCTGCAATGACCTTGTCAACT,0,0.00449594442,0.3081125925
ACTTTTCTCCTTCTGTTGGCCACTCACCCCT,CACTTTTCTCCTTCTGTTGGCCACTCACCCCTGC,0,0.015854172790000003,0.6612458437
TACTTTTTTATCAAATTTCTTCTGTTTCATT,TTACTTTTTTATCAAATTTCTTCTGTTTCATTTT,0,0.0,0.0
CTCTTTCACCTTTGTACCAGCTGTAGCCAAA,ACTCTTTCACCTTTGTACCAGCTGTAGCCAAAAA,0,0.00350680682,0.4388992177
CTATTTGGACCTCTACCTCATACACTGGCCC,ACTATTTGGACCTCTACCTCATACACTGGCCCAT,0,0.00016640541,0.5232863375
TCTTTTTGCTTCAGGATGTTTACAACATTTG,TTCTTTTTGCTTCAGGATGTTTACAACATTTGCT,0,0.0,0.05974807927
CTCTTTGGGGGGTTCTCAATGTTACTGTGGA,GCTCTTTGGGGGGTTCTCAATGTTACTGTGGATT,0,0.009661332160000001,0.3469151628
CCATTTTGTTCATCTACTTCCTCTTCTTCCT,ACCATTTTGTTCATCTACTTCCTCTTCTTCCTCA,0,0.0,0.05645267497
AGGTTTAGTCCCAGGAAGCACCACTCTGCAC,CAGGTTTAGTCCCAGGAAGCACCACTCTGCACAG,0,0.05371511479,0.8292881355999999
GCCTTTGATGAGCTGCGGACCGACTTCAAGA,AGCCTTTGATGAGCTGCGGACCGACTTCAAGAAC,1,0.0,0.2685840767
AACTTTCCCAGCCACCTGTACCATGGTGGTC,GAACTTTCCCAGCCACCTGTACCATGGTGGTCAG,0,0.045906779540000005,0.7918730881
TTTTTTGCCACTTGGCAATGCTGACAAGCAT,ATTTTTTGCCACTTGGCAATGCTGACAAGCATAT,0,0.0232429364,0.6017646527
CTCTTTCTAATTGGACTTGTTGAAAAGACTC,TCTCTTTCTAATTGGACTTGTTGAAAAGACTCCT,0,0.0,0.1820578499
AAATTTGAACCCAGGAATCCTTTTGTCGCTG,CAAATTTGAACCCAGGAATCCTTTTGTCGCTGCA,0,0.0,0.0
CATTTTCACTGATCTCTGTGCCTGGCAGAAG,ACATTTTCACTGATCTCTGTGCCTGGCAGAAGGC,1,0.4236042621,0.2320254573
GCTTTTCAGCCCTGAACGTGCACTGCAAACG,AGCTTTTCAGCCCTGAACGTGCACTGCAAACGCG,1,0.23106870529999998,0.3011056985
TTTTTTAACCTTGTCCAAGAAACACAATAGC,TTTTTTTAACCTTGTCCAAGAAACACAATAGCAT,1,0.5462910148000001,0.6466283355
ACATTTCGCGCCTGGGCGGAACCAGTCACCG,TACATTTCGCGCCTGGGCGGAACCAGTCACCGCG,1,0.03712954952,0.2034228929
GTCTTTCGGGGGCTCCGTAACTTTCTATCCG,GGTCTTTCGGGGGCTCCGTAACTTTCTATCCGTC,1,0.2147993713,0.02903176488
AATTTTCCTAAACTTTCCCCTTCTGTACTTC,TAATTTTCCTAAACTTTCCCCTTCTGTACTTCTA,1,0.08562241723,0.2497754915999999
CCTTTTCCCTCCATGGTTTCTCTCCGCTCCC,CCCTTTTCCCTCCATGGTTTCTCTCCGCTCCCGT,1,0.7110506049,0.8773013609
CACTTTAAGGGCCGCTCTAGGCCAGGATGGA,GCACTTTAAGGGCCGCTCTAGGCCAGGATGGAAG,1,0.0024070609000000002,0.0624783708999999
ATATTTAGCTAGGCGCTACCCACAATGCATT,CATATTTAGCTAGGCGCTACCCACAATGCATTTG,1,0.44590809989999997,0.5052394355
TCCTTTCCTGGCCAATCCTATTAAAGGGTGG,CTCCTTTCCTGGCCAATCCTATTAAAGGGTGGGC,1,0.031312938309999996,0.2216173364
AGCTTTACAGCCTCCACTCAGGACTATCATT,CAGCTTTACAGCCTCCACTCAGGACTATCATTGC,1,0.19569110160000003,0.6294520373
GCGTTTCCCAAGGACATTTTCCACTGGAGGA,AGCGTTTCCCAAGGACATTTTCCACTGGAGGACG,1,0.204528067,0.5789656962
TGCTTTGTGATGTCTGCGTTCAACTCACAGA,CTGCTTTGTGATGTCTGCGTTCAACTCACAGAGT,0,0.0,0.3131166354
GCGTTTCGCGCGCCACCAGGCCGTAGTGTCG,CGCGTTTCGCGCGCCACCAGGCCGTAGTGTCGCG,1,0.022433814920000003,0.0915396755499999
GTCTTTCCTTACGCACCTGTCTAACAGCGTC,AGTCTTTCCTTACGCACCTGTCTAACAGCGTCCG,1,0.04108864402,0.2130174495
GCCTTTACTGCCGAATCCAGGTCTCCGGGCT,GGCCTTTACTGCCGAATCCAGGTCTCCGGGCTTA,1,0.1702022603,0.2992853524
GACTTTGAATGGAGTCGTGAGCGCAAGAACG,TGACTTTGAATGGAGTCGTGAGCGCAAGAACGCT,1,0.5135020569000001,0.6442093163
TGGTTTGAAGCCAAAAACAACCTCTCCACAG,CTGGTTTGAAGCCAAAAACAACCTCTCCACAGAC,1,0.0,0.5436318286
TACTTTGTGATGTTTGCATTCAGCTCATAGA,CTACTTTGTGATGTTTGCATTCAGCTCATAGAGT,0,0.0,0.1804613296999999
AGCTTTGGGGGTTTGCTGCTGGCTCTGACTC,CAGCTTTGGGGGTTTGCTGCTGGCTCTGACTCCC,1,0.1256142152,0.4646595805
AGCTTTGCTGGAGATCGGTTTGGCCACAGGC,CAGCTTTGCTGGAGATCGGTTTGGCCACAGGCCG,1,0.09470366895,0.3198021369
CGCTTTCTCCGCAGCATAGACTCCGCCCAGC,CCGCTTTCTCCGCAGCATAGACTCCGCCCAGCTC,1,0.09844101721,0.2867540028999999
